<?xml version="1.0" encoding="UTF-8" standalone="yes"?>
<addon id="repository.xbmc-avigdork" name="Avigdor's Kodi Repository" version="2.0.0" provider-name="Avigdor">
    <extension point="xbmc.addon.repository" name="Avigdor's Kodi Repository">
        <info compressed="false">https://github.com/avigdork/xbmc-avigdork/raw/master/addons.xml</info>
        <checksum>https://github.com/avigdork/xbmc-avigdork/raw/master/addons.xml.md5</checksum>
        <datadir zip="true">https://github.com/avigdork/xbmc-avigdork/raw/master/repo</datadir>
    </extension>
    <extension point="xbmc.addon.metadata">
        <summary>Avigdor's Kodi Repository</summary>
        <description>Download and install addons for Kodi by Avigdor</description>
        <platform>all</platform>
    </extension>
</addon>